city,merchant_name,category,benefit_type,address,phone,source_url,source_image,raw_text,confidence,needs_review
서산시,서산 버드랜드,관광지,확인필요,,,,user_text_2026-05-19;attached_tourpass_map,서산시|관광지|서산 버드랜드,0.78,false
서산시,서산 버드랜드 카페체험,체험,확인필요,,,,user_text_2026-05-19;attached_tourpass_map,서산시|체험|서산 버드랜드 카페체험,0.78,false
서산시,천수만생태관광,체험,확인필요,,,,user_text_2026-05-19;attached_tourpass_map,서산시|체험|천수만생태관광,0.78,false
서산시,올리공방,체험,확인필요,,,,user_text_2026-05-19;attached_tourpass_map,서산시|체험|올리공방,0.78,false
서산시,마크라메 스튜디오 미래의감성,체험,확인필요,,,,user_text_2026-05-19;attached_tourpass_map,서산시|체험|마크라메 스튜디오 미래의감성,0.78,false
서산시,여미갤러리,체험,확인필요,,,,user_text_2026-05-19;attached_tourpass_map,서산시|체험|여미갤러리,0.78,false
서산시,더프라미스,체험,확인필요,,,,user_text_2026-05-19;attached_tourpass_map,서산시|체험|더프라미스,0.78,false
서산시,서산모사 뜨개방,체험,확인필요,,,,user_text_2026-05-19;attached_tourpass_map,서산시|체험|서산모사 뜨개방,0.78,false
서산시,꽃은공방,체험,확인필요,,,,user_text_2026-05-19;attached_tourpass_map,서산시|체험|꽃은공방,0.78,false
서산시,감태당,체험,확인필요,,,,user_text_2026-05-19;attached_tourpass_map,서산시|체험|감태당,0.78,false
서산시,종이그림,체험,확인필요,,,,user_text_2026-05-19;attached_tourpass_map,서산시|체험|종이그림,0.78,false
서산시,여미도예,체험,확인필요,,,,user_text_2026-05-19;attached_tourpass_map,서산시|체험|여미도예,0.78,false
서산시,사토와이예,체험,확인필요,,,,user_text_2026-05-19;attached_tourpass_map,서산시|체험|사토와이예,0.78,false
서산시,오딸기힐링팜,체험,확인필요,,,,user_text_2026-05-19;attached_tourpass_map,서산시|체험|오딸기힐링팜,0.78,false
서산시,서산 버드랜드 카페체험,카페,확인필요,,,,user_text_2026-05-19;attached_tourpass_map,서산시|카페|서산 버드랜드 카페체험,0.78,false
서산시,휴암미술관카페,카페,확인필요,,,,user_text_2026-05-19;attached_tourpass_map,서산시|카페|휴암미술관카페,0.78,false
서산시,여미갤러리,카페,확인필요,,,,user_text_2026-05-19;attached_tourpass_map,서산시|카페|여미갤러리,0.78,false
서산시,여기61,카페,확인필요,,,,user_text_2026-05-19;attached_tourpass_map,서산시|카페|여기61,0.78,false
서산시,해쉬브라운,카페,확인필요,,,,user_text_2026-05-19;attached_tourpass_map,서산시|카페|해쉬브라운,0.78,false
서산시,정호두,로컬시설,확인필요,,,,user_text_2026-05-19;attached_tourpass_map,서산시|로컬시설|정호두,0.78,false
서산시,그린린,로컬시설,확인필요,,,,user_text_2026-05-19;attached_tourpass_map,서산시|로컬시설|그린린,0.78,false
서산시,로컬안내소 고로컬,로컬시설,확인필요,,,,user_text_2026-05-19;attached_tourpass_map,서산시|로컬시설|로컬안내소 고로컬,0.78,false
당진시,삽교호 함상공원,관광지,확인필요,,,,user_text_2026-05-19;attached_tourpass_map,당진시|관광지|삽교호 함상공원,0.78,false
당진시,삽교호 해양테마체험관,관광지,확인필요,,,,user_text_2026-05-19;attached_tourpass_map,당진시|관광지|삽교호 해양테마체험관,0.78,false
당진시,순성미술관,관광지,확인필요,,,,user_text_2026-05-19;attached_tourpass_map,당진시|관광지|순성미술관,0.78,false
당진시,아미미술관,관광지,확인필요,,,,user_text_2026-05-19;attached_tourpass_map,당진시|관광지|아미미술관,0.78,false
당진시,면천읍성안 그 미술관,관광지,확인필요,,,,user_text_2026-05-19;attached_tourpass_map,당진시|관광지|면천읍성안 그 미술관,0.78,false
당진시,삽교호 자전거 터미널,체험,확인필요,,,,user_text_2026-05-19;attached_tourpass_map,당진시|체험|삽교호 자전거 터미널,0.78,false
당진시,비움무인 드로잉스튜디오,체험,확인필요,,,,user_text_2026-05-19;attached_tourpass_map,당진시|체험|비움무인 드로잉스튜디오,0.78,false
당진시,당진대일해운관광,체험,확인필요,,,,user_text_2026-05-19;attached_tourpass_map,당진시|체험|당진대일해운관광,0.78,false
당진시,앵무세상,체험,확인필요,,,,user_text_2026-05-19;attached_tourpass_map,당진시|체험|앵무세상,0.78,false
당진시,퐁퐁벌룬,체험,확인필요,,,,user_text_2026-05-19;attached_tourpass_map,당진시|체험|퐁퐁벌룬,0.78,false
당진시,카페보니또 삽교천점,카페,확인필요,,,,user_text_2026-05-19;attached_tourpass_map,당진시|카페|카페보니또 삽교천점,0.78,false
당진시,합덕백쌀카페,카페,확인필요,,,,user_text_2026-05-19;attached_tourpass_map,당진시|카페|합덕백쌀카페,0.78,false
당진시,아트바젤,카페,확인필요,,,,user_text_2026-05-19;attached_tourpass_map,당진시|카페|아트바젤,0.78,false
당진시,카페피어라,카페,확인필요,,,,user_text_2026-05-19;attached_tourpass_map,당진시|카페|카페피어라,0.78,false
당진시,그레이스디포,로컬시설,확인필요,,,,user_text_2026-05-19;attached_tourpass_map,당진시|로컬시설|그레이스디포,0.78,false
당진시,왜목제일횟집,로컬시설,확인필요,,,,user_text_2026-05-19;attached_tourpass_map,당진시|로컬시설|왜목제일횟집,0.78,false
당진시,순성브루어리,로컬시설,확인필요,,,,user_text_2026-05-19;attached_tourpass_map,당진시|로컬시설|순성브루어리,0.78,false
당진시,왕매실마을,로컬시설,확인필요,,,,user_text_2026-05-19;attached_tourpass_map,당진시|로컬시설|왕매실마을,0.78,false
태안군,아리랜드,관광지,확인필요,,,,user_text_2026-05-19;attached_tourpass_map,태안군|관광지|아리랜드,0.78,false
태안군,선샤인랜드,관광지,확인필요,,,,user_text_2026-05-19;attached_tourpass_map,태안군|관광지|선샤인랜드,0.78,false
태안군,태안국제원예치유박람회,관광지,확인필요,,,,user_text_2026-05-19;attached_tourpass_map,태안군|관광지|태안국제원예치유박람회,0.78,false
태안군,천리포수목원,관광지,확인필요,,,,user_text_2026-05-19;attached_tourpass_map,태안군|관광지|천리포수목원,0.78,false
태안군,바람아래관광농원,관광지,확인필요,,,,user_text_2026-05-19;attached_tourpass_map,태안군|관광지|바람아래관광농원,0.78,false
태안군,팜카밀레,관광지,확인필요,,,,user_text_2026-05-19;attached_tourpass_map,태안군|관광지|팜카밀레,0.78,false
태안군,별똥별 하늘공원,관광지,확인필요,,,,user_text_2026-05-19;attached_tourpass_map,태안군|관광지|별똥별 하늘공원,0.78,false
태안군,오마이갤러리,관광지,확인필요,,,,user_text_2026-05-19;attached_tourpass_map,태안군|관광지|오마이갤러리,0.78,false
태안군,안면도 쥬라기 박물관,관광지,확인필요,,,,user_text_2026-05-19;attached_tourpass_map,태안군|관광지|안면도 쥬라기 박물관,0.78,false
태안군,안면도 쥬라기 박물관 체험,체험,확인필요,,,,user_text_2026-05-19;attached_tourpass_map,태안군|체험|안면도 쥬라기 박물관 체험,0.78,false
태안군,안면도 쥬라기 박물관 미디어영상관,체험,확인필요,,,,user_text_2026-05-19;attached_tourpass_map,태안군|체험|안면도 쥬라기 박물관 미디어영상관,0.78,false
태안군,이로운 공방,체험,확인필요,,,,user_text_2026-05-19;attached_tourpass_map,태안군|체험|이로운 공방,0.78,false
태안군,카페 꽃이머무는자리,카페,확인필요,,,,user_text_2026-05-19;attached_tourpass_map,태안군|카페|카페 꽃이머무는자리,0.78,false
태안군,카페 미스터브리즈,카페,확인필요,,,,user_text_2026-05-19;attached_tourpass_map,태안군|카페|카페 미스터브리즈,0.78,false
태안군,위로책방,카페,확인필요,,,,user_text_2026-05-19;attached_tourpass_map,태안군|카페|위로책방,0.78,false
태안군,이호갤러리,카페,확인필요,,,,user_text_2026-05-19;attached_tourpass_map,태안군|카페|이호갤러리,0.78,false
태안군,카페 신몽,카페,확인필요,,,,user_text_2026-05-19;attached_tourpass_map,태안군|카페|카페 신몽,0.78,false
태안군,원산도커피,카페,확인필요,,,,user_text_2026-05-19;attached_tourpass_map,태안군|카페|원산도커피,0.78,false
태안군,안면도 쥬라기 박물관 뮤지엄샵,로컬시설,확인필요,,,,user_text_2026-05-19;attached_tourpass_map,태안군|로컬시설|안면도 쥬라기 박물관 뮤지엄샵,0.78,false
태안군,이플카페,로컬시설,확인필요,,,,user_text_2026-05-19;attached_tourpass_map,태안군|로컬시설|이플카페,0.78,false
태안군,알프스글램핑,숙박,확인필요,,,,user_text_2026-05-19;attached_tourpass_map,태안군|숙박|알프스글램핑,0.78,false
홍성군,홍성도자문화 연구소,체험,확인필요,,,,user_text_2026-05-19;attached_tourpass_map,홍성군|체험|홍성도자문화 연구소,0.78,false
홍성군,쿠킹티어리,체험,확인필요,,,,user_text_2026-05-19;attached_tourpass_map,홍성군|체험|쿠킹티어리,0.78,false
홍성군,홍성제과제빵학원,체험,확인필요,,,,user_text_2026-05-19;attached_tourpass_map,홍성군|체험|홍성제과제빵학원,0.78,false
홍성군,테라코타이야기공방,체험,확인필요,,,,user_text_2026-05-19;attached_tourpass_map,홍성군|체험|테라코타이야기공방,0.78,false
홍성군,공실,체험,확인필요,,,,user_text_2026-05-19;attached_tourpass_map,홍성군|체험|공실,0.78,false
홍성군,싸우라비검도,체험,확인필요,,,,user_text_2026-05-19;attached_tourpass_map,홍성군|체험|싸우라비검도,0.78,false
홍성군,장안스포츠센터,체험,확인필요,,,,user_text_2026-05-19;attached_tourpass_map,홍성군|체험|장안스포츠센터,0.78,false
홍성군,도자기공방나무별,체험,확인필요,,,,user_text_2026-05-19;attached_tourpass_map,홍성군|체험|도자기공방나무별,0.78,false
홍성군,플링바이올렛,체험,확인필요,,,,user_text_2026-05-19;attached_tourpass_map,홍성군|체험|플링바이올렛,0.78,false
홍성군,나리므의상실,체험,확인필요,,,,user_text_2026-05-19;attached_tourpass_map,홍성군|체험|나리므의상실,0.78,false
홍성군,아미루트,카페,확인필요,,,,user_text_2026-05-19;attached_tourpass_map,홍성군|카페|아미루트,0.78,false
홍성군,허그스,카페,확인필요,,,,user_text_2026-05-19;attached_tourpass_map,홍성군|카페|허그스,0.78,false
홍성군,제이비스트로,카페,확인필요,,,,user_text_2026-05-19;attached_tourpass_map,홍성군|카페|제이비스트로,0.78,false
홍성군,티박스,카페,확인필요,,,,user_text_2026-05-19;attached_tourpass_map,홍성군|카페|티박스,0.78,false
홍성군,메이트커피마켓,카페,확인필요,,,,user_text_2026-05-19;attached_tourpass_map,홍성군|카페|메이트커피마켓,0.78,false
홍성군,마서면이좋다,카페,확인필요,,,,user_text_2026-05-19;attached_tourpass_map,홍성군|카페|마서면이좋다,0.78,false
홍성군,퍼니아트,로컬시설,확인필요,,,,user_text_2026-05-19;attached_tourpass_map,홍성군|로컬시설|퍼니아트,0.78,false
홍성군,이미,로컬시설,확인필요,,,,user_text_2026-05-19;attached_tourpass_map,홍성군|로컬시설|이미,0.78,false
홍성군,내포여여,로컬시설,확인필요,,,,user_text_2026-05-19;attached_tourpass_map,홍성군|로컬시설|내포여여,0.78,false
홍성군,조양미술관협동조합,로컬시설,확인필요,,,,user_text_2026-05-19;attached_tourpass_map,홍성군|로컬시설|조양미술관협동조합,0.78,false
홍성군,프롬아인,로컬시설,확인필요,,,,user_text_2026-05-19;attached_tourpass_map,홍성군|로컬시설|프롬아인,0.78,false
예산군,내포보부상촌,관광지,확인필요,,,,user_text_2026-05-19;attached_tourpass_map,예산군|관광지|내포보부상촌,0.78,false
예산군,제이드플라워 갤러리,관광지,확인필요,,,,user_text_2026-05-19;attached_tourpass_map,예산군|관광지|제이드플라워 갤러리,0.78,false
예산군,아그로랜드 태신목장,관광지,확인필요,,,,user_text_2026-05-19;attached_tourpass_map,예산군|관광지|아그로랜드 태신목장,0.78,false
예산군,국립농업기상과학관,관광지,확인필요,,,,user_text_2026-05-19;attached_tourpass_map,예산군|관광지|국립농업기상과학관,0.78,false
예산군,이안아트팜,체험,확인필요,,,,user_text_2026-05-19;attached_tourpass_map,예산군|체험|이안아트팜,0.78,false
예산군,일원공방,체험,확인필요,,,,user_text_2026-05-19;attached_tourpass_map,예산군|체험|일원공방,0.78,false
예산군,오색꽃차치유농원,체험,확인필요,,,,user_text_2026-05-19;attached_tourpass_map,예산군|체험|오색꽃차치유농원,0.78,false
예산군,뭉치다락방,체험,확인필요,,,,user_text_2026-05-19;attached_tourpass_map,예산군|체험|뭉치다락방,0.78,false
예산군,벚꽃로 18,체험,확인필요,,,,user_text_2026-05-19;attached_tourpass_map,예산군|체험|벚꽃로 18,0.78,false
예산군,옹기발효음식전시체험관,체험,확인필요,,,,user_text_2026-05-19;attached_tourpass_map,예산군|체험|옹기발효음식전시체험관,0.78,false
예산군,이안아트팜 카페,카페,확인필요,,,,user_text_2026-05-19;attached_tourpass_map,예산군|카페|이안아트팜 카페,0.78,false
예산군,카페라비아,카페,확인필요,,,,user_text_2026-05-19;attached_tourpass_map,예산군|카페|카페라비아,0.78,false
예산군,커피박,카페,확인필요,,,,user_text_2026-05-19;attached_tourpass_map,예산군|카페|커피박,0.78,false
예산군,예산당,로컬시설,확인필요,,,,user_text_2026-05-19;attached_tourpass_map,예산군|로컬시설|예산당,0.78,false
예산군,삽교 곱창거리 곱창인가,로컬시설,확인필요,,,,user_text_2026-05-19;attached_tourpass_map,예산군|로컬시설|삽교 곱창거리 곱창인가,0.78,false
예산군,예산사과빵상회,로컬시설,확인필요,,,,user_text_2026-05-19;attached_tourpass_map,예산군|로컬시설|예산사과빵상회,0.78,false
예산군,해가준예산황토사과,로컬시설,확인필요,,,,user_text_2026-05-19;attached_tourpass_map,예산군|로컬시설|해가준예산황토사과,0.78,false
예산군,온주자디저트랩,로컬시설,확인필요,,,,user_text_2026-05-19;attached_tourpass_map,예산군|로컬시설|온주자디저트랩,0.78,false
아산시,아산퍼스트빌리지공룡월드,관광지,확인필요,,,,user_text_2026-05-19;attached_tourpass_map,아산시|관광지|아산퍼스트빌리지공룡월드,0.78,false
아산시,도고 아트홀,관광지,확인필요,,,,user_text_2026-05-19;attached_tourpass_map,아산시|관광지|도고 아트홀,0.78,false
아산시,아산레일바이크,체험,확인필요,,,,user_text_2026-05-19;attached_tourpass_map,아산시|체험|아산레일바이크,0.78,false
아산시,오월랑공방,체험,확인필요,,,,user_text_2026-05-19;attached_tourpass_map,아산시|체험|오월랑공방,0.78,false
아산시,공방단디,체험,확인필요,,,,user_text_2026-05-19;attached_tourpass_map,아산시|체험|공방단디,0.78,false
아산시,푸루상점,체험,확인필요,,,,user_text_2026-05-19;attached_tourpass_map,아산시|체험|푸루상점,0.78,false
아산시,조은아한복,체험,확인필요,,,,user_text_2026-05-19;attached_tourpass_map,아산시|체험|조은아한복,0.78,false
아산시,꼼지락이야기,체험,확인필요,,,,user_text_2026-05-19;attached_tourpass_map,아산시|체험|꼼지락이야기,0.78,false
아산시,고요,체험,확인필요,,,,user_text_2026-05-19;attached_tourpass_map,아산시|체험|고요,0.78,false
아산시,카페백묘국 청수청당점,카페,확인필요,,,,user_text_2026-05-19;attached_tourpass_map,아산시|카페|카페백묘국 청수청당점,0.78,false
아산시,카페호두,카페,확인필요,,,,user_text_2026-05-19;attached_tourpass_map,아산시|카페|카페호두,0.78,false
아산시,카페백묘국 신부점,카페,확인필요,,,,user_text_2026-05-19;attached_tourpass_map,아산시|카페|카페백묘국 신부점,0.78,false
아산시,미인상회,카페,확인필요,,,,user_text_2026-05-19;attached_tourpass_map,아산시|카페|미인상회,0.78,false
아산시,작은커피나무,카페,확인필요,,,,user_text_2026-05-19;attached_tourpass_map,아산시|카페|작은커피나무,0.78,false
아산시,빈스,카페,확인필요,,,,user_text_2026-05-19;attached_tourpass_map,아산시|카페|빈스,0.78,false
아산시,복담다,로컬시설,확인필요,,,,user_text_2026-05-19;attached_tourpass_map,아산시|로컬시설|복담다,0.78,false
아산시,라마다앙코르 바이 원덤/윈덤,숙박,확인필요,,,,user_text_2026-05-19;attached_tourpass_map,아산시|숙박|라마다앙코르 바이 원덤/윈덤,0.78,false
천안시,아라리오갤러리,관광지,확인필요,,,,user_text_2026-05-19;attached_tourpass_map,천안시|관광지|아라리오갤러리,0.78,false
천안시,아름다운정원 화수목,관광지,확인필요,,,,user_text_2026-05-19;attached_tourpass_map,천안시|관광지|아름다운정원 화수목,0.78,false
천안시,1923역사관,관광지,확인필요,,,,user_text_2026-05-19;attached_tourpass_map,천안시|관광지|1923역사관,0.78,false
천안시,천안상록리조트상록랜드,관광지,확인필요,,,,user_text_2026-05-19;attached_tourpass_map,천안시|관광지|천안상록리조트상록랜드,0.78,false
천안시,엄마놀이터,관광지,확인필요,,,,user_text_2026-05-19;attached_tourpass_map,천안시|관광지|엄마놀이터,0.78,false
천안시,투데이이즈유어벌스데이,체험,확인필요,,,,user_text_2026-05-19;attached_tourpass_map,천안시|체험|투데이이즈유어벌스데이,0.78,false
천안시,이일리 아로마오감교육센터,체험,확인필요,,,,user_text_2026-05-19;attached_tourpass_map,천안시|체험|이일리 아로마오감교육센터,0.78,false
천안시,아침나공화국,체험,확인필요,,,,user_text_2026-05-19;attached_tourpass_map,천안시|체험|아침나공화국,0.78,false
천안시,팀레드비 우리주짓수,체험,확인필요,,,,user_text_2026-05-19;attached_tourpass_map,천안시|체험|팀레드비 우리주짓수,0.78,false
천안시,페어링 에피소드,체험,확인필요,,,,user_text_2026-05-19;attached_tourpass_map,천안시|체험|페어링 에피소드,0.78,false
천안시,Lets Craft 노드랩,체험,확인필요,,,,user_text_2026-05-19;attached_tourpass_map,천안시|체험|Lets Craft 노드랩,0.78,false
천안시,늘솜아트,체험,확인필요,,,,user_text_2026-05-19;attached_tourpass_map,천안시|체험|늘솜아트,0.78,false
천안시,구시,체험,확인필요,,,,user_text_2026-05-19;attached_tourpass_map,천안시|체험|구시,0.78,false
천안시,랜드마크 195,카페,확인필요,,,,user_text_2026-05-19;attached_tourpass_map,천안시|카페|랜드마크 195,0.78,false
천안시,카페 찬바우,카페,확인필요,,,,user_text_2026-05-19;attached_tourpass_map,천안시|카페|카페 찬바우,0.78,false
천안시,캐슬1477,카페,확인필요,,,,user_text_2026-05-19;attached_tourpass_map,천안시|카페|캐슬1477,0.78,false
천안시,손수 만든 작은 상점,로컬시설,확인필요,,,,user_text_2026-05-19;attached_tourpass_map,천안시|로컬시설|손수 만든 작은 상점,0.78,false
천안시,제원다방,로컬시설,확인필요,,,,user_text_2026-05-19;attached_tourpass_map,천안시|로컬시설|제원다방,0.78,false
천안시,INK 관광호텔,숙박,확인필요,,,,user_text_2026-05-19;attached_tourpass_map,천안시|숙박|INK 관광호텔,0.78,false
천안시,아우내쉼플스테이,숙박,확인필요,,,,user_text_2026-05-19;attached_tourpass_map,천안시|숙박|아우내쉼플스테이,0.78,false
천안시,상록리조트,숙박,확인필요,,,,user_text_2026-05-19;attached_tourpass_map,천안시|숙박|상록리조트,0.78,false
공주시,고운식물원,관광지,확인필요,,,,user_text_2026-05-19;attached_tourpass_map,공주시|관광지|고운식물원,0.78,false
공주시,세라믹 아트 공작소,체험,확인필요,,,,user_text_2026-05-19;attached_tourpass_map,공주시|체험|세라믹 아트 공작소,0.78,false
공주시,아가새농장,체험,확인필요,,,,user_text_2026-05-19;attached_tourpass_map,공주시|체험|아가새농장,0.78,false
공주시,도깨비노리터,체험,확인필요,,,,user_text_2026-05-19;attached_tourpass_map,공주시|체험|도깨비노리터,0.78,false
공주시,머리공방,체험,확인필요,,,,user_text_2026-05-19;attached_tourpass_map,공주시|체험|머리공방,0.78,false
공주시,흙담은 도자기 공방,체험,확인필요,,,,user_text_2026-05-19;attached_tourpass_map,공주시|체험|흙담은 도자기 공방,0.78,false
공주시,온포인트핏,체험,확인필요,,,,user_text_2026-05-19;attached_tourpass_map,공주시|체험|온포인트핏,0.78,false
공주시,호호공방,체험,확인필요,,,,user_text_2026-05-19;attached_tourpass_map,공주시|체험|호호공방,0.78,false
공주시,마마캔즈,체험,확인필요,,,,user_text_2026-05-19;attached_tourpass_map,공주시|체험|마마캔즈,0.78,false
공주시,동그랑작업실,체험,확인필요,,,,user_text_2026-05-19;attached_tourpass_map,공주시|체험|동그랑작업실,0.78,false
공주시,리멋,체험,확인필요,,,,user_text_2026-05-19;attached_tourpass_map,공주시|체험|리멋,0.78,false
공주시,옥이쓰공방,체험,확인필요,,,,user_text_2026-05-19;attached_tourpass_map,공주시|체험|옥이쓰공방,0.78,false
공주시,Yes mountain,카페,확인필요,,,,user_text_2026-05-19;attached_tourpass_map,공주시|카페|Yes mountain,0.78,false
공주시,삼화양조장,카페,확인필요,,,,user_text_2026-05-19;attached_tourpass_map,공주시|카페|삼화양조장,0.78,false
공주시,샐러드담다,카페,확인필요,,,,user_text_2026-05-19;attached_tourpass_map,공주시|카페|샐러드담다,0.78,false
공주시,카페단소,카페,확인필요,,,,user_text_2026-05-19;attached_tourpass_map,공주시|카페|카페단소,0.78,false
공주시,학계애화덕피자,로컬시설,확인필요,,,,user_text_2026-05-19;attached_tourpass_map,공주시|로컬시설|학계애화덕피자,0.78,false
공주시,판교 책방,로컬시설,확인필요,,,,user_text_2026-05-19;attached_tourpass_map,공주시|로컬시설|판교 책방,0.78,false
공주시,눈맞추다,로컬시설,확인필요,,,,user_text_2026-05-19;attached_tourpass_map,공주시|로컬시설|눈맞추다,0.78,false
공주시,기범이네 국수,로컬시설,확인필요,,,,user_text_2026-05-19;attached_tourpass_map,공주시|로컬시설|기범이네 국수,0.78,false
공주시,한옥1954,숙박,확인필요,,,,user_text_2026-05-19;attached_tourpass_map,공주시|숙박|한옥1954,0.78,false
부여군,백제문화단지+백제문화역사관,관광지,확인필요,,,,user_text_2026-05-19;attached_tourpass_map,부여군|관광지|백제문화단지+백제문화역사관,0.78,false
부여군,부소산성,관광지,확인필요,,,,user_text_2026-05-19;attached_tourpass_map,부여군|관광지|부소산성,0.78,false
부여군,부여동물원,관광지,확인필요,,,,user_text_2026-05-19;attached_tourpass_map,부여군|관광지|부여동물원,0.78,false
부여군,백제문화체험박물관,관광지,확인필요,,,,user_text_2026-05-19;attached_tourpass_map,부여군|관광지|백제문화체험박물관,0.78,false
부여군,어린이 백제 체험관,관광지,확인필요,,,,user_text_2026-05-19;attached_tourpass_map,부여군|관광지|어린이 백제 체험관,0.78,false
부여군,홍산장시사람들 체험,체험,확인필요,,,,user_text_2026-05-19;attached_tourpass_map,부여군|체험|홍산장시사람들 체험,0.78,false
부여군,별라솜,체험,확인필요,,,,user_text_2026-05-19;attached_tourpass_map,부여군|체험|별라솜,0.78,false
부여군,수북로 1945,카페,확인필요,,,,user_text_2026-05-19;attached_tourpass_map,부여군|카페|수북로 1945,0.78,false
부여군,가림상회,카페,확인필요,,,,user_text_2026-05-19;attached_tourpass_map,부여군|카페|가림상회,0.78,false
부여군,카페장은리,카페,확인필요,,,,user_text_2026-05-19;attached_tourpass_map,부여군|카페|카페장은리,0.78,false
부여군,홍산장시사람들 솜솜이빵,로컬시설,확인필요,,,,user_text_2026-05-19;attached_tourpass_map,부여군|로컬시설|홍산장시사람들 솜솜이빵,0.78,false
부여군,팜젤라또,로컬시설,확인필요,,,,user_text_2026-05-19;attached_tourpass_map,부여군|로컬시설|팜젤라또,0.78,false
부여군,백제호텔,숙박,확인필요,,,,user_text_2026-05-19;attached_tourpass_map,부여군|숙박|백제호텔,0.78,false
보령시,무창포타워,관광지,확인필요,,,,user_text_2026-05-19;attached_tourpass_map,보령시|관광지|무창포타워,0.78,false
보령시,보령석탄박물관,관광지,확인필요,,,,user_text_2026-05-19;attached_tourpass_map,보령시|관광지|보령석탄박물관,0.78,false
보령시,성주산자연휴양림,관광지,확인필요,,,,user_text_2026-05-19;attached_tourpass_map,보령시|관광지|성주산자연휴양림,0.78,false
보령시,바둑이네 동물원,관광지,확인필요,,,,user_text_2026-05-19;attached_tourpass_map,보령시|관광지|바둑이네 동물원,0.78,false
보령시,보령머드뷰티치유관,체험,확인필요,,,,user_text_2026-05-19;attached_tourpass_map,보령시|체험|보령머드뷰티치유관,0.78,false
보령시,대천브루어리,체험,확인필요,,,,user_text_2026-05-19;attached_tourpass_map,보령시|체험|대천브루어리,0.78,false
보령시,우유창고,체험,확인필요,,,,user_text_2026-05-19;attached_tourpass_map,보령시|체험|우유창고,0.78,false
보령시,스킨포레스트,체험,확인필요,,,,user_text_2026-05-19;attached_tourpass_map,보령시|체험|스킨포레스트,0.78,false
보령시,더 마리나,체험,확인필요,,,,user_text_2026-05-19;attached_tourpass_map,보령시|체험|더 마리나,0.78,false
보령시,더별꽃,체험,확인필요,,,,user_text_2026-05-19;attached_tourpass_map,보령시|체험|더별꽃,0.78,false
보령시,조이너리,체험,확인필요,,,,user_text_2026-05-19;attached_tourpass_map,보령시|체험|조이너리,0.78,false
보령시,꿈꾸는달님도자기,체험,확인필요,,,,user_text_2026-05-19;attached_tourpass_map,보령시|체험|꿈꾸는달님도자기,0.78,false
보령시,수련족욕카페,체험,확인필요,,,,user_text_2026-05-19;attached_tourpass_map,보령시|체험|수련족욕카페,0.78,false
보령시,카페에덴바,체험,확인필요,,,,user_text_2026-05-19;attached_tourpass_map,보령시|체험|카페에덴바,0.78,false
보령시,몽선부엉이체험마을,체험,확인필요,,,,user_text_2026-05-19;attached_tourpass_map,보령시|체험|몽선부엉이체험마을,0.78,false
보령시,숲속향기카페,카페,확인필요,,,,user_text_2026-05-19;attached_tourpass_map,보령시|카페|숲속향기카페,0.78,false
보령시,덴오브마운틴,카페,확인필요,,,,user_text_2026-05-19;attached_tourpass_map,보령시|카페|덴오브마운틴,0.78,false
보령시,보령머드화장품,로컬시설,확인필요,,,,user_text_2026-05-19;attached_tourpass_map,보령시|로컬시설|보령머드화장품,0.78,false
보령시,성주사지 천년역사관,로컬시설,확인필요,,,,user_text_2026-05-19;attached_tourpass_map,보령시|로컬시설|성주사지 천년역사관,0.78,false
보령시,대천브루어리 수제맥주 양조장&피자펍,로컬시설,확인필요,,,,user_text_2026-05-19;attached_tourpass_map,보령시|로컬시설|대천브루어리 수제맥주 양조장&피자펍,0.78,false
보령시,대천아빠다 with 대천브루어리,로컬시설,확인필요,,,,user_text_2026-05-19;attached_tourpass_map,보령시|로컬시설|대천아빠다 with 대천브루어리,0.78,false
보령시,마케 with 대천브루어리,로컬시설,확인필요,,,,user_text_2026-05-19;attached_tourpass_map,보령시|로컬시설|마케 with 대천브루어리,0.78,false
보령시,서담상회,로컬시설,확인필요,,,,user_text_2026-05-19;attached_tourpass_map,보령시|로컬시설|서담상회,0.78,false
서천군,국립생태원,관광지,확인필요,,,,user_text_2026-05-19;attached_tourpass_map,서천군|관광지|국립생태원,0.78,false
서천군,이용노의 집,관광지,확인필요,,,,user_text_2026-05-19;attached_tourpass_map,서천군|관광지|이용노의 집,0.78,false
서천군,서천물버들체험휴양마을,체험,확인필요,,,,user_text_2026-05-19;attached_tourpass_map,서천군|체험|서천물버들체험휴양마을,0.78,false
서천군,어린이 감성체험장,체험,확인필요,,,,user_text_2026-05-19;attached_tourpass_map,서천군|체험|어린이 감성체험장,0.78,false
서천군,카페로우,카페,확인필요,,,,user_text_2026-05-19;attached_tourpass_map,서천군|카페|카페로우,0.78,false
청양군,칠갑산천문대스타파크,관광지,확인필요,,,,user_text_2026-05-19;attached_tourpass_map,청양군|관광지|칠갑산천문대스타파크,0.78,false
청양군,목재문화자연사체험관,관광지,확인필요,,,,user_text_2026-05-19;attached_tourpass_map,청양군|관광지|목재문화자연사체험관,0.78,false
청양군,목재문화체험장,체험,확인필요,,,,user_text_2026-05-19;attached_tourpass_map,청양군|체험|목재문화체험장,0.78,false
청양군,서작가,체험,확인필요,,,,user_text_2026-05-19;attached_tourpass_map,청양군|체험|서작가,0.78,false
청양군,리리플라워,체험,확인필요,,,,user_text_2026-05-19;attached_tourpass_map,청양군|체험|리리플라워,0.78,false
청양군,온기옥보쌈,로컬시설,확인필요,,,,user_text_2026-05-19;attached_tourpass_map,청양군|로컬시설|온기옥보쌈,0.78,false
청양군,빈관,로컬시설,확인필요,,,,user_text_2026-05-19;attached_tourpass_map,청양군|로컬시설|빈관,0.78,false
청양군,칠갑산 청정 한우타운,로컬시설,확인필요,,,,user_text_2026-05-19;attached_tourpass_map,청양군|로컬시설|칠갑산 청정 한우타운,0.78,false
청양군,청양고추빵공장,로컬시설,확인필요,,,,user_text_2026-05-19;attached_tourpass_map,청양군|로컬시설|청양고추빵공장,0.78,false
청양군,에이티엠스튜디오,로컬시설,확인필요,,,,user_text_2026-05-19;attached_tourpass_map,청양군|로컬시설|에이티엠스튜디오,0.78,false
청양군,포포스토리,로컬시설,확인필요,,,,user_text_2026-05-19;attached_tourpass_map,청양군|로컬시설|포포스토리,0.78,false
청양군,청양고덕갈비,로컬시설,확인필요,,,,user_text_2026-05-19;attached_tourpass_map,청양군|로컬시설|청양고덕갈비,0.78,false
청양군,새이학가든,로컬시설,확인필요,,,,user_text_2026-05-19;attached_tourpass_map,청양군|로컬시설|새이학가든,0.78,false
논산시,오감그리다논산점,체험,확인필요,,,,user_text_2026-05-19;attached_tourpass_map,논산시|체험|오감그리다논산점,0.78,false
논산시,지산농원,체험,확인필요,,,,user_text_2026-05-19;attached_tourpass_map,논산시|체험|지산농원,0.78,false
논산시,종이문화재단 논산교육원,체험,확인필요,,,,user_text_2026-05-19;attached_tourpass_map,논산시|체험|종이문화재단 논산교육원,0.78,false
논산시,세라인스튜디오,체험,확인필요,,,,user_text_2026-05-19;attached_tourpass_map,논산시|체험|세라인스튜디오,0.78,false
논산시,양촌와이너리,체험,확인필요,,,,user_text_2026-05-19;attached_tourpass_map,논산시|체험|양촌와이너리,0.78,false
논산시,드론앤톡톡,체험,확인필요,,,,user_text_2026-05-19;attached_tourpass_map,논산시|체험|드론앤톡톡,0.78,false
논산시,투썸플레이스 벌곡휴게소점,카페,확인필요,,,,user_text_2026-05-19;attached_tourpass_map,논산시|카페|투썸플레이스 벌곡휴게소점,0.78,false
논산시,심스커피,카페,확인필요,,,,user_text_2026-05-19;attached_tourpass_map,논산시|카페|심스커피,0.78,false
논산시,카페워니,카페,확인필요,,,,user_text_2026-05-19;attached_tourpass_map,논산시|카페|카페워니,0.78,false
논산시,어드레스&붐도넛,카페,확인필요,,,,user_text_2026-05-19;attached_tourpass_map,논산시|카페|어드레스&붐도넛,0.78,false
논산시,루치아의 뜰,카페,확인필요,,,,user_text_2026-05-19;attached_tourpass_map,논산시|카페|루치아의 뜰,0.78,false
논산시,내재,카페,확인필요,,,,user_text_2026-05-19;attached_tourpass_map,논산시|카페|내재,0.78,false
논산시,노성산성in가배,로컬시설,확인필요,,,,user_text_2026-05-19;attached_tourpass_map,논산시|로컬시설|노성산성in가배,0.78,false
논산시,탑정호 in가배,로컬시설,확인필요,,,,user_text_2026-05-19;attached_tourpass_map,논산시|로컬시설|탑정호 in가배,0.78,false
논산시,탑정호 WACU,로컬시설,확인필요,,,,user_text_2026-05-19;attached_tourpass_map,논산시|로컬시설|탑정호 WACU,0.78,false
논산시,금성다방,로컬시설,확인필요,,,,user_text_2026-05-19;attached_tourpass_map,논산시|로컬시설|금성다방,0.78,false
논산시,가이옥 돌솥설렁탕,로컬시설,확인필요,,,,user_text_2026-05-19;attached_tourpass_map,논산시|로컬시설|가이옥 돌솥설렁탕,0.78,false
논산시,금복도45,로컬시설,확인필요,,,,user_text_2026-05-19;attached_tourpass_map,논산시|로컬시설|금복도45,0.78,false
논산시,따뜻한 밥상,로컬시설,확인필요,,,,user_text_2026-05-19;attached_tourpass_map,논산시|로컬시설|따뜻한 밥상,0.78,false
금산군,갈비에 반하다,로컬시설,확인필요,,,,user_text_2026-05-19;attached_tourpass_map,금산군|로컬시설|갈비에 반하다,0.78,false
금산군,상신식당,로컬시설,확인필요,,,,user_text_2026-05-19;attached_tourpass_map,금산군|로컬시설|상신식당,0.78,false
계룡시,테라 도자기공방,체험,확인필요,,,,user_text_2026-05-19;attached_tourpass_map,계룡시|체험|테라 도자기공방,0.62,true
계룡시,카페1896,카페,확인필요,,,,user_text_2026-05-19;attached_tourpass_map,계룡시|카페|카페1896,0.62,true
